job_name,job_location,department,hours,remote,company_name,company_url,post_url,tags_matched,tag_categories,categories,seniority,language,city,country,job_updated_at
Core (corporate) Account Executive - Netherlands (5863),Netherlands - Amsterdam Office (8046),,,,CyberArk,cyberark.com,career5.successfactors.eu/career?career_ns=job_listing&company=cyberarkPRD&career_job_req_id=5863,"[Salesforce, LinkedIn, Twitter, Facebook, CyberArk]","[Tracking, Link Shortening, CDN, Pixels, Security, Midsize Customers, CRM, Advertising, Social Share, Social Media, Enterprise Customers, OSS]",[Business],IC,en,,Netherlands,
IT Application Security Specialist,"Dynamostraat 50, 1014 BZ Amsterdam, Netherlands",,Full-Time,TRUE,Deloitte Netherlands,werkenbijdeloitte.nl,jobs.smartrecruiters.com/deloittenetherlands/743999902363772-it-application-security-specialist,[Deloitte],[KCSP],"[IT, Security, Management Consulting]",Unclear Seniority,en,Amsterdam,Netherlands,
Truck Mechanic/ HGV Service Technician- Netherlands,"Amsterdam, NL",TaaS,Full-Time,TRUE,Volta Trucks,voltatrucks.com,volta-trucks.breezy.hr/p/2bcfdc7b430601-truck-mechanic-hgv-service-technician-netherlands,[],[],"[Manufacturing, Services]",IC,en,Amsterdam,Netherlands,
Project Manager- Netherlands,"Best, Netherlands - Europe",,Full-Time,,See Ishidas current vacancies,ishidaeurope.com,careers.pageuppeople.com/1055/cw/en/job/494794/project-manager-netherlands,[Microsoft],[],[QA],IC,en-gb,,Netherlands,
"(Junior) Analyst Investment Services, Amsterdam, Netherlands",Amsterdam,,Full-Time,,Frasers Property Australia,frasersproperty.com,careers.pageuppeople.com/779/fpi/en/job/499830/junior-analyst-investment-services-amsterdam-netherlands,[Microsoft],[],"[Business, Logistics & Supply Chain, Real Estate, Retail, Hospitality]",IC,en,Amsterdam,Netherlands,
IT Security Officer (74668),Haarlem,,Full-Time,,IDEMIA,idemia.com,career5.successfactors.eu/career?career_ns=job_listing&company=OPTaMIS&career_job_req_id=74668,[],[],[Security],Unclear Seniority,en,Haarlem,Netherlands,
System Administrator - Office Infrastructure Engineer,Amsterdam,,,,Adyen Referrals,,boards.greenhouse.io/adyenreferral/jobs/4977431,"[Zoom, Python, Adyen, Greenhouse, Ansible, macOS, Bash, Google, Linux]","[Recruiting, SaaS, Collaboration, B2B, Software, Payment Gateway, Programming Languages, Messaging, DevOps, Enterprise Software, Payments, IaaS, Video Conferencing, OS, Server Config, Messaging & Notifications, Stat Tools & Languages, ATS, OSS]",[],Unclear Seniority,en,Amsterdam,Netherlands,
"Project Manager (Netherlands,Dutch Required)","Amsterdam, 1011 PL Netherlands",IT & Tech vacancies,Full-Time,,Coach4expats,,coach4expats.teamtailor.com/jobs/2581115-project-manager-netherlands-dutch-required,[],[],[],IC,en-gb,Amsterdam,Netherlands,2023-04-19 8:40:08
Support Specialist Image Guided Surgery - Netherlands,"Amsterdam, Netherlands",Support IGS,Full-Time,FALSE,Brainlab,brainlab.com,jobs.smartrecruiters.com/brainlab/743999877568916-support-specialist-image-guided-surgery-netherlands,[],[],"[Software, Manufacturing]",Unclear Seniority,en,Amsterdam,Netherlands,
Product Manager,Amsterdam or Nairobi,Product,Full-Time,,Apollo Agriculture,apolloagriculture.com,jobs.lever.co/apolloagriculture/99cd90fb-4f23-4030-8820-ec54930270ca,"[Capital One, Apollo, The Climate Corporation, SQL, Google]","[Big Data Tools, IaaS, Application Hosting, Agriculture, SQL, Applications - Industry, Data Science Tools, GraphQL Tools, PaaS]",[Farming & Agriculture],IC,en,Amsterdam or Nairobi,Netherlands,
Systems and Network Administrator,"Rijswijk, The Netherlands",SUPPORT – IT,Full-Time,,TBA Group,tba.group,jobs.lever.co/tba/cf761fe1-37db-415c-9605-62681cace204,"[PRTG, Juniper, VMWare, Windows]","[Security, DevOps, Network Traffic Monitoring, IaaS, Monitoring, OS]",[IT],Unclear Seniority,en,"Rijswijk, The Netherlands",Netherlands,
Group Product Manager - Platform as a Product,Amsterdam,,,,Adyen,,boards.greenhouse.io/adyeninternaljobs/jobs/4839085,[Adyen],"[Payment Gateway, Payments]",[],IC,en,Amsterdam,Netherlands,
Cloud infrastructuur specialist,"Heerenveen, FL, 7418AH Netherlands",Staf,Contract,,Antea Group,anteagroup.nl,anteagroup.recruitee.com/o/cloud-infrastructuur-specialist,"[Informatica, Azure, Facebook, Indeed, Microsoft Azure]","[Advertising, Analytics, Infrastructure, Computer Vision, Data Integration, Compute, Hiring Data, Career/Job-Hunting Services, Data as a Service, Data Governance & Access, Social Media]",[],Unclear Seniority,nl,Heerenveen,Netherlands,
Data analyst,Amsterdam,,Full-Time,,FINOM,finom.co,finom.jobs.personio.com/job/1006032,"[Airflow, SQL, PostgreSQL, Dataform, Tableau, Python, ETL, Metabase, Google BigQuery]","[Analytics, Workflow Management, Orchestration & Pipelines, ETL, Visualization, Stat Tools & Languages, Databases, App Definition and Development, Data Science Tools, OSS, SQL, Datastores, Business Intelligence (BI), Database, Big Data Tools, Data Warehouses, Timeseries Database, Programming Languages, Infrastructure]","[Startups, Financial Services, Banking]",IC,en,Amsterdam,Netherlands,2023-03-29 15:16:17
IT Security Officer BeNe,NL - NB - Oosterhout,INFORMATION TECHNOLOGY,Full-Time,,BNP Paribas Cardif,bnpparibascardif.com,bnpparibasgt.taleo.net/careersection/gt/jobdetail.ftl?job=ITSECURITY_2023,[],[],[Security],Unclear Seniority,en,Oosterhout,Netherlands,
Data Analyst,"Zwaanstraat 31n, 5651 CA Eindhoven, Netherlands",,Contract,FALSE,WAES,wearewaes.com,jobs.smartrecruiters.com/waes/743999883121907-data-analyst,,,"[eCom, Logistics & Supply Chain]",IC,en,Eindhoven,Netherlands,
Product Manager B2B SAAS,"Amsterdam, NH, Netherlands",Product,Full-Time,,Source.ag,source.ag,source.recruitee.com/o/product-manager-b2b-saas-amsterdam,"[Indeed, Facebook]","[Social Media, Data as a Service, Hiring Data, Advertising, Career/Job-Hunting Services]",[B2B],IC,en,Amsterdam,Netherlands,
ISV Account Executive (AWS),Remote Netherlands,,,TRUE,DoiT International,doit-intl.com,boards.greenhouse.io/doitintl/jobs/5497522003,"[AWS, Google Cloud]","[Compute, IaaS, PaaS]",[],IC,en,Amsterdam,Netherlands,
Data Analyst,Amsterdam,,,,Flow Traders,,boards.greenhouse.io/flowtraders/jobs/4955911,[Python],"[OSS, Programming Languages, Stat Tools & Languages]",[],IC,en,Amsterdam,Netherlands,
UX Data Analyst,Amsterdam,,,,Adyen,adyen.com,boards.greenhouse.io/adyen/jobs/3958180,"[Countly, Python, Facebook, Mixpanel, Google, Adyen, Uber, Microsoft, SQL]","[Big Data Tools, Social Media, Web Browsers, Funnel Analytics, SaaS, IaaS, OSS, Stat Tools & Languages, Advertising, Payment Gateway, General Analytics, Payments, Data Science Tools, Analytics, Mobile Analytics, Programming Languages, Transportation, Software, Mobile, Applications - Industry, SQL]","[Payments, Financial Services]",IC,en,Amsterdam,Netherlands,
Young Professional Security Engineer IT/OT (1821),Zoetermeer,,Full-Time,,,yunextraffic.com,career2.successfactors.eu/career?career_ns=job_listing&company=YunexPROD&career_job_req_id=1821,"[VMWare, Linux]","[IaaS, OS]",[Security],Unclear Seniority,en,Zoetermeer,Netherlands,
Data Analyst,"Amsterdam, New Hampshire, 1101 BH Netherlands",Data & Analytics,Full-Time,,BearingPoint,bearingpoint.com,bearingpointnl.recruitee.com/o/data-analyst,"[Indeed, Python, SQL, Facebook, Tableau]","[Hiring Data, Analytics, Advertising, Big Data Tools, Visualization, Data Science Tools, Data as a Service, Social Media, Career/Job-Hunting Services, OSS, Stat Tools & Languages, Business Intelligence (BI), SQL, Programming Languages]",[],IC,en,Amsterdam,Netherlands,
Associate Manufacturing Engineer - Mono Product (11449),Netherlands,,,TRUE,GKN,gknaerospace.com,career2.successfactors.eu/career?career_ns=job_listing&company=gknaerospa&career_job_req_id=11449,"[Polymer, Hermes]","[DevOps, JavaScript Compilers, Frontend Framework]",[Manufacturing],IC,en,Helmond,Netherlands,
Be proactive & apply! Inspections Coordinator - All Levels opportunities in Netherlands (10495),Schiedam Office,,,,SBM Offshore,sbmoffshore.com,career2.successfactors.eu/career?career_ns=job_listing&company=singlebuoy&career_job_req_id=10495,[Fossil],"[DevOps, Version Control, Code Collaboration]","[Outsourcing & Offshoring, Low-Cost]",IC,en,Schiedam,Netherlands,
Technical Product Manager - Developer Platform & Tooling,Amsterdam,Product – PR Platform,Full-Time,,Mollie,mollie.com,jobs.lever.co/mollie/457b5f9e-67e5-49fe-81db-7f204c7c534a,[Mollie],[Payments],"[Software, Public Relations]",IC,en,Amsterdam,Netherlands,
SMB Account Executive - Netherlands (Dutch Speaking),"Amsterdam, Lisbon",,,,Pleo,pleo.io,boards.greenhouse.io/pleo/jobs/5472731003,[],[],[],IC,en,Lisbon,Portugal,
"Product Manager, Pain Management","Amsterdam, Netherlands",Product Marketing,Full-Time,,Atricure,atricure.com,dayforcehcm.com/CandidatePortal/en-us/atricure/Posting/View/3595,[LinkedIn],"[Social Media, Pixels, CDN, Tracking]","[Medical Devices, Education]",IC,en-us,Amsterdam,Netherlands,
"Product manager - Tiel, The Netherlands (41426)",Marketing & Product Management (MPM),,,,Arjo,arjo.com,career5.successfactors.eu/career?career_ns=job_listing&company=arjohuntle&career_job_req_id=41426,[],[],[],IC,en,,Netherlands,
"Data Analyst, Reporting",Amsterdam,,,,Adyen,adyen.com,boards.greenhouse.io/adyeninternaljobs/jobs/4776182,"[Hadoop, Greenhouse, SQL, Excel, Airflow, Adyen, Python]","[No Code, SMB Customers, App Definition and Development, Payments, Misc Biz Tools, Data Science Tools, ATS, Recruiting, Enterprise Software, Databases, Payment Gateway, Midsize Customers, Back Office Tools, SaaS, Treasury, Database, Enterprise Customers, SQL, FP&A, Programming Languages, Stat Tools & Languages, Workflow Management, Software, Big Data Tools, Orchestration & Pipelines, OSS, B2B, Datastores, Spreadsheets]","[Payments, Financial Services]",IC,en,Amsterdam,Netherlands,
Financial Data Analyst,"Anna van Buerenplein Den Haag, ZH, 2595DA Netherlands",Finance,Full-Time,FALSE,Deerns Groep,deerns.com,jobsdeerns.recruitee.com/o/financial-data-analyst,"[Tableau, Microsoft]","[Business Intelligence (BI), Visualization, Analytics]",[Financial Services],IC,en,Den Haag,Netherlands,2021-03-16 17:48:24
Data Analyst,"Johan van Hasseltweg 18a Amsterdam, Noord-Holland, 1012NW Netherlands",,Full-Time,,Cryptohopper,cryptohopper.com,cryptohopper.homerun.co/data-analyst-2,"[Presto, Hadoop, Java, Marvel, SQL, SAS, NoSQL, Spark, Tableau, Hive, Python]","[App Definition and Development, Query/Data Flow, General Analytics, Streaming & Messaging, Data Science Platforms, SQL, Stat Tools & Languages, Analytics, NoSQL, Databases, Frameworks, Enterprise Software, Restaurants, SaaS, Statistical Computing, IaaS, Database, Visualization, Data Science Tools, OSS, Datastores, Design Tools, Business Intelligence (BI), Big Data Tools, Programming Languages, Software, Misc Biz Tools, Food and Beverage, Interactive Mockups]",[Software],IC,en,Amsterdam,Netherlands,2022-11-25 15:58:52
Financial Data Analyst (New),Amsterdam,,,,Adyen,adyen.com,boards.greenhouse.io/adyeninternaljobs/jobs/4917312,"[Adyen, Power BI, Python, SQL, Tableau, Greenhouse, Looker]","[OSS, Software, SaaS, Analytics, Data Science Tools, Stat Tools & Languages, Recruiting, B2B, Big Data Tools, Business Intelligence (BI), Payments, Visualization, Enterprise Software, Programming Languages, Payment Gateway, SQL, ATS]",[Financial Services],IC,en,Amsterdam,Netherlands,
Product manager,,,Full-Time,,High Air,,agency.homerun.co/product-manager,[],[],[],IC,en,Amsterdam,Netherlands,2023-04-12 15:15:00
Cloud Specialist,"Randstad, Florida, 1322 CK Netherlands",,Full-Time,,ICU IT Services,icu-it.nl,icuitservices.recruitee.com/o/cloud-specialist-randstad,"[Facebook, Indeed, Azure, Bel, AWS]","[Social Media, Data as a Service, Career/Job-Hunting Services, PaaS, OSS, Compute, Hiring Data, Programming Languages, IaaS, Advertising]",[IT],Unclear Seniority,nl,Randstad,Netherlands,
Product Manager,"Flevolaan Enkhuizen, New Hampshire, 1601 MA Netherlands",Commercie,Full-Time,TRUE,Pipelife Nederland,pipelife.nl,pipelife.recruitee.com/o/product-manager-enkhuizen,"[Indeed, Facebook]","[Social Media, Hiring Data, Career/Job-Hunting Services, Data as a Service, Advertising]",[],IC,nl,Enkhuizen,Netherlands,
Product Manager,"Utrecht, Utah, Netherlands",Employment Business Unit,Full-Time,FALSE,WCC,wcc-group.com,careerswcc.recruitee.com/o/product-manager-1,[],[],"[Agency, Government, Security, Business]",IC,en,Utrecht,Netherlands,2022-01-19 10:42:07
"Production Lab Technician, 2nd Shift - Netherlands","Harfsen, Netherlands",Production,Full-Time,,Genus,,careers-genusplc.icims.com/jobs/6593/production-lab-technician-2nd-shift---netherlands/job?in_iframe=1,[],[],[],IC,en-us,,Netherlands,
Data Analyst,"Amsterdam, Netherlands",,Contract,,Lever Demo 2,,jobs.lever.co/leverdemo/c50f2589-f7d9-45e2-b963-2fb2c724c8de,[],[],[],IC,en,Amsterdam,Netherlands,
Product Manager Mobile - AI & Social,"Amsterdam, North Holland, Netherlands",,,,Creative Fabrica,creativefabrica.com,boards.greenhouse.io/creativefabrica/jobs/4153705101,"[Android, iOS]","[OS, OSS, Mobile]",[AI],IC,en,Amsterdam,Netherlands,
Cloud Project Manager,"Claude Debussylaan 10, 1082 MD Amsterdam, Netherlands",,Full-Time,FALSE,Devoteam,devoteam.com,jobs.smartrecruiters.com/devoteam/743999898175726-cloud-project-manager,"[Google Cloud Platform, Google Anthos, Jira, Google, Kubernetes, Serverless]","[IaaS, Orchestration & Management, Framework, Scheduling & Orchestration, Project Management, Issue Tracking, Serverless, Application Hosting, OSS]","[AI, General Analytics, Support, Machine Learning, Google-Related, IT]",IC,en,Amsterdam,Netherlands,
Product Manager Sales Operations (m/f/d) (45262),Sales,,,,Springer Nature,springernature.com,career5.successfactors.eu/career?career_ns=job_listing&company=C0001215517P&career_job_req_id=45262,"[Salesforce, Trello, Springer Nature, Jira]","[CRM, Enterprise Customers, Project Management, Issue Tracking, Midsize Customers]",[],IC,en,Dordrecht,Netherlands,
Administrative Support Specialist (Netherlands),"Amsterdam, New Hampshire, Netherlands",,,,Brain Corp,braincorp.com,boards.greenhouse.io/braincorporation/jobs/6657696002,,,"[Software, Robotics, AI]",Unclear Seniority,en,Amsterdam,Netherlands,
Technical Product Manager,"Disketteweg 53 Amsterdam, 1033 NW Netherlands",,Full-Time,,QWIC,qwic.nl,qwic.homerun.co/technical-product-manager,[LinkedIn],"[Social Media, CDN, Tracking, Pixels]","[Bicycles & Cycling, Design, Retail]",IC,en,Amsterdam,Netherlands,2023-04-06 10:28:23
"Urban Outfitters Sales Associates - Mall of Netherlands, NL (10 hrs)",,UK/EU - Retail,,,URBN Careers,urbn.com,recruiting.ultipro.com/urb1003uroi/jobboard/10af8568-5cfd-415b-8dc2-ed6cecf3006c/opportunitydetail?opportunityid=258cd0b7-713e-4375-ba42-51a0c7533d41,[],[],[],IC,en,Leidschendam,Netherlands,2023-03-28 11:40:39
Business Analyst (Data Analyst) - Marketing,Amsterdam,,,,Travix,travix.com,boards.greenhouse.io/travix/jobs/6369983002,"[Excel, SQL, Google, Python, Looker]","[Spreadsheets, OSS, Back Office Tools, Analytics, IaaS, Enterprise Customers, SQL, Misc Biz Tools, Visualization, SMB Customers, Big Data Tools, No Code, FP&A, Midsize Customers, Data Science Tools, Programming Languages, Treasury, Stat Tools & Languages]",[Marketing],IC,en,Amsterdam,Netherlands,
Cloud specialist,"Axelsestraat 65 Terneuzen, ZE, 4537AD Netherlands",ICT,Full-Time,FALSE,Progression IT Business Solutions,,progressionit.recruitee.com/o/cloud-specialist,[],[],[IT],Unclear Seniority,nl,Terneuzen,Netherlands,2021-03-16 17:07:41
Maintenance Technician - Netherlands,"Harfsen, Netherlands",Production,Full-Time,,Genus,,careers-genusplc.icims.com/jobs/6592/maintenance-technician---netherlands/job?in_iframe=1,[],[],[],IC,en-us,,Netherlands,
"Technical Product Manager, Kekkilä-BVB","Venlo, LI, Netherlands",,Full-Time,FALSE,Neova Group,neova-group.com,neovagroup.recruitee.com/o/technical-product-manager-kekkilabvb,[Indeed],"[Hiring Data, Data as a Service, Career/Job-Hunting Services]",[],IC,en,Venlo,Netherlands,2022-08-18 10:46:08
Specialist Engineer Meet en Regeltechniek (7459),Netherlands,,Contract,,Koninklijke BAM Groep / Royal BAM Group,bam.com,career5.successfactors.eu/career?career_ns=job_listing&company=koninkli01&career_job_req_id=7459,[],[],[Civil Engineering],Unclear Seniority,en,,Netherlands,
SAP ASE (Sybase) Administrator DevOps (Netherlands),"Amsterdam, 1011 PL Netherlands",IT & Tech vacancies,Full-Time,,Coach4expats,,coach4expats.teamtailor.com/jobs/2498249-sap-ase-sybase-administrator-devops-netherlands,"[Linux, SAP, SQL, Active Directory]","[Enterprise Resource Planning (ERP), Servers & Compute, Security, Accounting, Access Management, Big Data Tools, SaaS, IaaS, IT, Software, Travel, Big Data, Travel and Tourism, Financial Services, Tourism, Password Managers, Payments, Data Science Tools, FP&A, Enterprise Customers, OS, Cloud Management, SQL]",[DevOps],Unclear Seniority,en-gb,Amsterdam,Netherlands,2023-04-23 15:56:44
Data Analyst,Amsterdam,R&D,Full-Time,,VanMoof,vanmoof.com,jobs.ashbyhq.com/vanmoof/3482c024-bf21-4302-aac0-c00c8c72558f,"[Google BigQuery, Looker, SQL, Google]","[Datastores, Data Science Tools, Infrastructure, Analytics, Data Warehouses, Big Data Tools, Visualization, IaaS, SQL]",[],IC,en,Amsterdam,Netherlands,
Information security OT- OT Security Specialist (NL) (60259),Geertruidenberg,,Full-Time,,RWE w Polsce,rwe.com,career5.successfactors.eu/career?career_ns=job_listing&company=rweProd&career_job_req_id=60259,[],[],[Security],Unclear Seniority,en,Geertruidenberg,Netherlands,
"Senior/Clinical Research Associate (CRA) - Netherlands/Belgium - CNS, Rare Disease",Multiple Locations: Belgium   Netherlands,,,TRUE,Worldwide Clinical Trials,worldwide.com,worldwide.gr8people.com/jobs/5830/seniorclinical-research-associate-cra-netherlandsbelgium-cns-rare-disease,[Microsoft],[],[Web Optimization],IC,en,,Belgium,
Security Analyst,"Lijnden, Gouda, Eindhoven en/of thuis, New Hampshire, 1175KP Netherlands",Secure,Full-Time,,Wortell,wortell.nl,wortell.recruitee.com/o/security-analyst,"[Microsoft, Facebook, Indeed]","[Hiring Data, Data as a Service, Career/Job-Hunting Services, Social Media, Advertising]",[Security],IC,nl,Gouda,Netherlands,
Jr. Pricing & Data Analyst,Amsterdam,,,,Travix,travix.com,boards.greenhouse.io/travix/jobs/6664271002,[],[],[Travel & Tourism],IC,en,Amsterdam,Netherlands,
Vacancies Global Color Product Owner & Project Manager (28947),"Sassenheim, Rijksstraatweg31",,Contract,,AkzoNobel Corporate,akzonobel.com,career5.successfactors.eu/career?career_ns=job_listing&company=akzonobelsP2&career_job_req_id=28947,[],[],[Business],IC,en,Sassenheim,Netherlands,
Security Technician (11685),Netherlands,,,TRUE,GKN,gknaerospace.com,career2.successfactors.eu/career?career_ns=job_listing&company=gknaerospa&career_job_req_id=11685,[],[],[Security],IC,en,Papendrecht,Netherlands,
"Security Governance, Risk & Compliance Administrator",Netherlands,Administrative,Full-Time,,Talentuch,talentuch.com,talentuch.breezy.hr/p/5c58a3e61dd6-security-governance-risk-compliance-administrator,"[Visio, Microsoft SharePoint, Microsoft, Excel]","[No Code, Back Office Tools, Treasury, Midsize Customers, SMB Customers, FP&A, Misc Biz Tools, Spreadsheets, Collaborative Text Editor, Diagramming Tools, Enterprise Customers, CMS]","[Compliance, Security]",Unclear Seniority,en,,Netherlands,
Junior Data Analyst - Location Intelligence,"Amsterdam, NH, 1097 DL Netherlands",Network Development,Full-Time,FALSE,Fastned,fastnedcharging.com,fastned.recruitee.com/o/junior-data-analyst-location-intelligence,"[ArcGIS, Windows, SQL]","[Map APIs, OS, Data Science Tools, Big Data Tools, SQL]",[],IC,en,Amsterdam,Netherlands,2021-11-30 17:21:16
IT Security Specialist,"Boompjes 40 Rotterdam, ZH, 3011XB Netherlands",Cefetra Group,Full-Time,FALSE,Cefetra Group,cefetra.com,cefetragroup.recruitee.com/o/it-security-specialist,[Indeed],"[Data as a Service, Hiring Data, Career/Job-Hunting Services]",[Security],Unclear Seniority,en,Rotterdam,Netherlands,2023-03-27 11:44:32
"Product Manager, Sustainability Software & Data","Groen van Prinsterersingel 45 Gouda, Zuid-Holland, 2805 TD Netherlands",,Full-Time,,Blonk Consultants,blonksustainability.nl,blonk-consultants.homerun.co/product-manager-sustainability-software-data,[],[],"[Consulting, Software]",IC,en,Gouda,Netherlands,2023-04-07 10:16:31
Product Manager,"Arsenaalgas 8c Nijmegen, Gelderland, 6511 PE Netherlands",,Full-Time,,Hubper,hubper.co,hubper.homerun.co/product-manager,[],[],[],IC,nl,Nijmegen,Netherlands,2023-03-28 14:43:54
BI Data Analyst,"Heerlen, NLD",,,,Sparagus,,loxo.co/job/MTg5My0wMDh2djdpZHFhd3BkN3Q4,,,[],IC,en,Heerlen,Netherlands,
Account Support Specialist (Netherlands),"Amsterdam, New Hampshire, Netherlands",,,,Brain Corp,braincorp.com,boards.greenhouse.io/braincorporation/jobs/6058464002,,,"[Software, Robotics, AI]",Unclear Seniority,en,Amsterdam,Netherlands,
Service Management and Adoption Specialist M365 (I.T. and Information Security) - Amsterdam (478770),Europe Materials,,Full-Time,,CRH,crh.com,career2.successfactors.eu/career?career_ns=job_listing&company=CRH&career_job_req_id=478770,"[GDPR, Microsoft, Microsoft SharePoint]","[GDPR, Compliance, CMS, Collaborative Text Editor]","[Family & Parenting, Security]",Unclear Seniority,en,,Netherlands,
Product Manager for IaaS,"Amsterdam, NL",,Full-Time,,Nebius,,nebius.breezy.hr/p/0d1989fb3136-product-manager-for-iaas,[GDPR],"[GDPR, Compliance]","[IaaS, Hardware]",IC,en,Amsterdam,Netherlands,
Sales Development Representative (f/m/d) - Netherlands,"Rotterdam, ZH, Netherlands",,,,Forto,,boards.greenhouse.io/fortogmbh/jobs/4132360101,,,[],Unclear Seniority,en,Rotterdam,Netherlands,
UX Data Analyst,Amsterdam,,,,Adyen Referrals,adyen.com,boards.greenhouse.io/adyenreferral/jobs/4931238,"[Adyen, SQL, Python, Countly, Google Analytics, Mixpanel]","[OSS, Stat Tools & Languages, Programming Languages, General Analytics, Payments, Software, Big Data Tools, SQL, Funnel Analytics, Mobile, Mobile Analytics, Data Science Tools, SaaS, Analytics, Payment Gateway, Web Browsers]","[Payments, Financial Services]",IC,en,Amsterdam,Netherlands,
"Sales Development Representative (w/m/d) Fluent Arabic Speaker (Rotterdam, Netherlands)",Rotterdam,Sales – SDR,Full-Time,,Foxit Software,foxit.com,jobs.lever.co/foxitsoftware/c21e3b43-e266-4dbb-ab38-8d940a6a79c3,"[Google, SalesLoft, Salesforce]","[SalesTech, Analytics, Sales & Marketing, Email, IaaS, Messaging & Notifications, B2B, Software, SaaS, Sales, CRM, Midsize Customers, Marketing, MarTech, IT, Lead Generation, Enterprise Customers]",[Software],Unclear Seniority,en,Rotterdam,Netherlands,
"Projectcoordinator Bouwen - Tiel, The Netherlands (41880)",Sales Management (SMA),,Contract,,Arjo,arjo.com,career5.successfactors.eu/career?career_ns=job_listing&company=arjohuntle&career_job_req_id=41880,[Microsoft],[],[],IC,en,,Netherlands,
Business Data Analyst II,,Operations Analytics,Full-Time,,Uber Freight,uberfreight.com,recruiting.ultipro.com/tra1017ttlp/jobboard/519468c3-752b-4088-8a2b-421c015f9556/opportunitydetail?opportunityid=116353f4-3ad1-46d6-9289-1e5ce85d2b15,"[Google, Excel, Microsoft, Uber]","[No Code, FP&A, SMB Customers, Spreadsheets, Enterprise Customers, Midsize Customers, IaaS, Applications - Industry, Misc Biz Tools, Transportation, Treasury, Back Office Tools]","[Logistics & Supply Chain, Transportation]",IC,en,Leusden,Netherlands,2023-04-04 13:38:22
Coffee Specialist Mall of The Netherlands (233646),Netherlands,,,,Nestlé Global,nestle.com,career2.successfactors.eu/career?career_ns=job_listing&company=nestleHRprdBX&career_job_req_id=233646,[],[],[Coffee & Tea],Unclear Seniority,en,,Netherlands,
Product Manager,,IT Services,Full-Time,,STAFIDE,stafide.nl,stafide.zohorecruit.com/jobs/careers/596028000009251264/Product-Manager,[],[],[],IC,en,Apeldoorn,Netherlands,
Operational Product Manager (11476),Netherlands,,,,SHISEIDO,shiseido.com,career5.successfactors.eu/career?career_ns=job_listing&company=shiseidoco&career_job_req_id=11476,[],[],"[Suncare Products, Beauty & Cosmetics, Skincare Products, Makeup Products]",IC,en,,Netherlands,
Product Manager - trade optimization,"Amsterdam, NH, 1097DL Netherlands",Product,Full-Time,FALSE,Dexter Energy Services,dexterenergy.ai,dexterenergyservices.recruitee.com/o/product-manager-trade-optimization,[],[],[],IC,en,Amsterdam,Netherlands,2021-11-09 10:16:52
Security Analyst Hardware,"Delft, ZH, 2628XJ Netherlands",,Full-Time,,Riscure,riscure.com,riscure.recruitee.com/o/security-analyst-hardware,[],[],"[Security, Hardware]",IC,en,Delft,Netherlands,
"Product Manager, Recurring and Tokenization (new)",Amsterdam,,,,Adyen Referrals,,boards.greenhouse.io/adyenreferral/jobs/4928690,"[Adyen, Greenhouse]","[ATS, Software, Recruiting, SaaS, B2B, Payments, Enterprise Software, Payment Gateway]",[],IC,en,Amsterdam,Netherlands,
Product Support Analyst (Netherlands or UK),Remote Working (Netherlands or UK),,,TRUE,Copperleaf,copperleaf.com,boards.greenhouse.io/copperleaf/jobs/6605145002,"[C#, SQL, Excel]","[Enterprise Customers, OSS, Big Data Tools, SMB Customers, Spreadsheets, Programming Languages, Back Office Tools, Data Science Tools, FP&A, SQL, Midsize Customers, Misc Biz Tools, No Code, Treasury]","[General Analytics, Financial Services]",IC,en,,Netherlands,
"NetSuite Administrator (Position located in Utrecht, Netherlands)","Utrecht, Netherlands",,,,KnowBe4,knowbe4.com,boards.greenhouse.io/knowbe4/jobs/6592747002,"[Excel, LinkedIn, KnowBe4, Microsoft, NetSuite, Google]","[SSP, Security, SaaS, Back Office Tools, Live Streaming Platforms, iOS, Midsize Customers, FP&A, Reviews, Enterprise Customers, Social Media, Software, CDN, Sales & Marketing, Inventory Management, Accounting, Spreadsheets, Finance, Platforms, Business Management, IaaS, Ad Network, Miscellaneous, Pixels, SMB Customers, Mobile, Treasury, Tracking, IT, CRM, Ad Servers, Cloud Computing, Misc Biz Tools, No Code, Enterprise Resource Planning (ERP)]","[IT, Security, Cybersecurity]",Unclear Seniority,en,Utrecht,Netherlands,
Be proactive & apply! Business Analyst/BI Developer opportunities in Netherlands (10508),Schiedam Office,,,,SBM Offshore,sbmoffshore.com,career2.successfactors.eu/career?career_ns=job_listing&company=singlebuoy&career_job_req_id=10508,"[ETL, SQL, Azure, Power BI, Fossil]","[Compute, Business Intelligence (BI), DevOps, Version Control, Data Science Tools, ETL, SQL, Analytics, Big Data Tools, Code Collaboration]",[Software],IC,en,Schiedam,Netherlands,
"Functional Microsoft (365) Workspace Specialist (Netherlands, Dutch Required, work Permit)","Amsterdam, 1011 PL Netherlands",IT & Tech vacancies,Full-Time,,Coach4expats,,coach4expats.teamtailor.com/jobs/2584661-functional-microsoft-365-workspace-specialist-netherlands-dutch-required-work-permit,"[Microsoft SharePoint, Microsoft, Excel]","[Treasury, Midsize Customers, FP&A, Collaborative Text Editor, CMS, SMB Customers, Spreadsheets, Enterprise Customers, Back Office Tools, No Code, Misc Biz Tools]",[],Unclear Seniority,en-gb,Amsterdam,Netherlands,2023-04-14 7:30:09
Customer Care Officer - Netherlands - Temporary contract,"Amsterdam, North Holland, Netherlands",,Contract,,Alma,almapay.com,boards.greenhouse.io/alma31/jobs/4107004101,[],[],[Payments],Unclear Seniority,en,Amsterdam,Netherlands,
Data Analyst Internship,"16 Marconistraat ROTTERDAM, ZH, 3029AK Netherlands",Procurement,Full-Time,FALSE,Viroclinics-DDL,,viroclinicsddl.recruitee.com/o/data-analyst-internship,"[Microsoft, Google, Indeed]","[Career/Job-Hunting Services, IaaS, Hiring Data, Data as a Service]",[],IC,en,Rotterdam,Netherlands,2021-11-15 16:17:30
Product Manager Soil & Waste Benelux (28225),DV Wavin EMEA (DV_WVN_02),,Unclear,,Orbia,orbia.com,career5.successfactors.eu/career?career_ns=job_listing&company=mexichemP&career_job_req_id=28225,[],[],[],IC,en,Hardenberg,Netherlands,
Murex Scrum Master / Business Analyst (Netherland),"Amsterdam, 1011 PL Netherlands",IT & Tech vacancies,Full-Time,,Coach4expats,,coach4expats.teamtailor.com/jobs/2496291-murex-scrum-master-business-analyst-netherland,[],[],[],IC,en-gb,Amsterdam,Netherlands,2023-04-23 15:56:44
Young Professional PLC Engineer (2517),Zoetermeer,,Full-Time,,,yunextraffic.com,career2.successfactors.eu/career?career_ns=job_listing&company=YunexPROD&career_job_req_id=2517,[Siemens],"[Industrial, Applications - Industry]",[],Unclear Seniority,en,Zoetermeer,Netherlands,
Data Analyst Intern,"Amsterdam, NH, 1016 CM Netherlands",Technology,Intern,,Workwize,goworkwize.com,workwize.recruitee.com/o/data-analyst-intern-amsterdam,"[JavaScript, Mollie, AWS, Facebook, Indeed, SQL, Python]","[Payments, Compute, Data Science Tools, Career/Job-Hunting Services, OSS, PaaS, Stat Tools & Languages, Programming Languages, Big Data Tools, Hiring Data, Social Media, SQL, Advertising, IaaS, Data as a Service]",[],IC,en,Amsterdam,Netherlands,
Product Manager,"Leidsestraat 32-C Amsterdam, Noord-Holland, 1017 PB Netherlands",,Full-Time,,Peaks,peaks.com,peaks.homerun.co/product-manager,"[Tableau, Excel, Grafana]","[Back Office Tools, Visualization, Analytics, No Code, Monitoring, Enterprise Customers, Business Intelligence (BI), Treasury, FP&A, Spreadsheets, SMB Customers, Misc Biz Tools, Midsize Customers, DevOps]","[Financial Services, Mobile Apps, Retail]",IC,en,Amsterdam,Netherlands,2023-03-17 15:16:15
Information Security Officer bij Transavia,"Schiphol Airport, NH, 1117 EE Netherlands",Grond,Full-Time,,Transavia,transavia.com,transavia.recruitee.com/o/information-security-officer-bij-transavia,"[Indeed, Facebook]","[Career/Job-Hunting Services, Hiring Data, Social Media, Advertising, Data as a Service]",[Security],Unclear Seniority,nl,Schiphol Airport,Netherlands,
Allround System & Networks Administrator (NL),"Waardenburg, Gelderland, Netherlands",,,,TRAXION,workattraxion.com,boards.greenhouse.io/workattraxion/jobs/4108910101,"[Zoho, Azure, Linux, Windows]","[Productivity Tools, OS, Compute]",[],Unclear Seniority,en,Waardenburg,Netherlands,
Platform Product Manager,"Amsterdam, New Hampshire, 1013 BC Netherlands",Product (CTPO),Full-Time,,Shell Recharge Solutions,newmotion.com,newmotion.recruitee.com/o/platform-product-manager-amsterdam,"[Facebook, Indeed]","[Career/Job-Hunting Services, Social Media, Data as a Service, Hiring Data, Advertising]",[],IC,en,Amsterdam,Netherlands,
Lead Product Manager TIE Kinetix,"Gedempt Hamerkanaal Utrecht, New Hampshire, 1021 KP Netherlands",Indigo,Full-Time,FALSE,Indigo,,indigoinfra.recruitee.com/o/lead-product-manager-tie-kinetix,[],[],[],IC,en,Utrecht,Netherlands,2021-03-16 17:17:01
Risk and Compliance Analyst (Netherlands),"Amsterdam, 1011 PL Netherlands",IT & Tech vacancies,Full-Time,,Coach4expats,,coach4expats.teamtailor.com/jobs/2493573-risk-and-compliance-analyst-netherlands,[],[],[Compliance],IC,en-gb,Amsterdam,Netherlands,2023-04-14 7:30:09
Vacancies Product Manager (29489),"Sassenheim, Rijksstraatweg31",,,,AkzoNobel Corporate,akzonobel.com,career5.successfactors.eu/career?career_ns=job_listing&company=akzonobelsP2&career_job_req_id=29489,[SAP],"[Enterprise Customers, Payments, Travel and Tourism, IaaS, IT, Big Data, Servers & Compute, Cloud Management, Tourism, Financial Services, SaaS, Software, FP&A, Enterprise Resource Planning (ERP), Accounting, Travel]",[Business],IC,en,Sassenheim,Netherlands,
Product Manager Regen en Stormwater,"Flevolaan Enkhuizen, New Hampshire, 1601 MA Netherlands",Commercie,Full-Time,TRUE,Pipelife Nederland,pipelife.nl,pipelife.recruitee.com/o/product-manager-regen-en-stormwater,"[SAP, Indeed, Facebook]","[Enterprise Resource Planning (ERP), IT, Financial Services, Enterprise Customers, Hiring Data, Social Media, Cloud Management, Data as a Service, Servers & Compute, FP&A, Tourism, Payments, Travel and Tourism, Big Data, Career/Job-Hunting Services, SaaS, Accounting, Travel, Software, Advertising, IaaS]",[],IC,nl,Enkhuizen,Netherlands,
Information Security Officer,"H.J.E. Wenckbachweg Amsterdam, New Hampshire, 1096AM Netherlands",Compliance,Full-Time,,SmartLockr,smartlockr.io,smartlockrjobs.recruitee.com/o/information-security-officer,"[Facebook, Indeed]","[Advertising, Hiring Data, Data as a Service, Social Media, Career/Job-Hunting Services]",[Security],Unclear Seniority,nl,Amsterdam,Netherlands,
Job Opportunities Global Product Manager - Wellness (107478),NL - Netherlands,,Full-Time,,Givaudan,givaudan.com,career5.successfactors.eu/career?career_ns=job_listing&company=givaudan&career_job_req_id=107478,[],[],[General Wellness],IC,en,Naarden,Netherlands,
IT Specialist Datacenter & Cloud (m/f/d) - Amsterdam (27120),Office position,,,,ESPRIT,esprit.com,career5.successfactors.eu/career?career_ns=job_listing&company=esprit&career_job_req_id=27120,"[Linux, Docker, Windows, Microsoft]","[Enterprise Software, Container Orchestration, SaaS, Software, DevOps, Frameworks, Cloud Computing, Container Management, OS, OSS]","[eCom, Fashion, Apparel & Fashion]",Unclear Seniority,en,Amsterdam,Netherlands,
Junior Product Manager,"Amsterdam, NH, 1013 BC Netherlands",Product (CTPO),Full-Time,,Shell Recharge Solutions,newmotion.com,newmotion.recruitee.com/o/junior-product-manager,"[Facebook, Indeed, Salesforce]","[Midsize Customers, Hiring Data, Social Media, Advertising, Enterprise Customers, CRM, Data as a Service, Career/Job-Hunting Services]",[],IC,en,Amsterdam,Netherlands,
Product Manager - Value Added Services (VAS),Amsterdam,,,,Leaseweb,leaseweb.com,boards.greenhouse.io/leaseweb/jobs/4917172,"[LinkedIn, Instagram]","[Tracking, Pixels, CDN, Social Media]",[IaaS],IC,en,Amsterdam,Netherlands,
Be proactive & Apply! Recruitment Specialist opportunities in 2022 in the Netherlands (6181),Schiedam Office,,,,SBM Offshore,sbmoffshore.com,career2.successfactors.eu/career?career_ns=job_listing&company=singlebuoy&career_job_req_id=6181,[Fossil],"[Version Control, DevOps, Code Collaboration]",[Recruiting & Staffing],Unclear Seniority,en,Schiedam,Netherlands,
Customer Experience Associate (Bilingual - French) - Netherlands,"Amsterdam, NH, Netherlands",,,,Discord,,boards.greenhouse.io/discord/jobs/6481346002,,,[Support],IC,en,Amsterdam,Netherlands,
Legal Advisor - Netherlands,"Duiven, GE, Netherlands",Legal,Full-Time,FALSE,Global Wind Service,globalwindservice.com,globalwindservice.recruitee.com/o/legal-advisor-netherlands,"[Go, Indeed]","[OSS, Career/Job-Hunting Services, Programming Languages, Data as a Service, Hiring Data]",[Wind Energy],Unclear Seniority,en,Duiven,Netherlands,2022-06-02 9:37:01
Business Analyst (Netherlands),"Amsterdam, 1011 PL Netherlands",IT & Tech vacancies,Full-Time,TRUE,Coach4expats,,coach4expats.teamtailor.com/jobs/2491413-business-analyst-netherlands,[SQL],"[Data Science Tools, SQL, Big Data Tools]",[],IC,en-gb,Amsterdam,Netherlands,2023-04-03 9:30:37
"Product Manager, Data Platform",Madrid,,,,Adyen,adyen.com,boards.greenhouse.io/adyeninternaljobs/jobs/4132657,"[Adyen, Greenhouse]","[Payment Gateway, ATS, SaaS, Enterprise Software, B2B, Software, Payments, Recruiting]","[Payments, Financial Services]",IC,en,Amsterdam,Netherlands,
cloud systems administrator - 1293806,"Amsterdam, NH",,,,Talent Nova,,loxo.co/job/MTQwNDItdXdxYmlhZWJkODM2N2gyZQ,"[Active Directory, Microsoft, Azure]","[Security, Password Managers, Compute, Access Management]",[],Unclear Seniority,en,Amsterdam,Netherlands,
Field Service Technician Netherlands,Netherlands,Technical Support,Full-Time,,Enphase Energy,,jobs.jobvite.com/enphase-energy/job/oRBJlfwg,[],[],[Services],IC,en-us,,Netherlands,
Plant Engineering Project Manager (256617),BUILD OPERATE MAINTAIN (PLANT OPNS),,Full-Time,,Cargill,cargill.com,career2.successfactors.eu/career?career_ns=job_listing&company=cargill&career_job_req_id=256617,[LinkedIn],"[Tracking, CDN, Social Media, Pixels]","[Farming & Agriculture, Financial Services]",IC,en,Sas van Gent,Netherlands,
Product Manager API,,Sales,,FALSE,Expereo,expereo.com,expereo.recruitee.com/o/product-manager-api,[AWS],"[Compute, IaaS, PaaS]",[APIs],IC,en,Amsterdam,Netherlands,2022-04-12 14:57:16
Associate Product Manager,,Marketing,Full-Time,,Justrite Safety Group EMEA,,recruiting2.ultipro.com/jus1001justm/jobboard/2d5c8dc9-71e2-46d7-aa3d-305883f6102b/opportunitydetail?opportunityid=1206160f-8299-4cf9-886a-5ad4d4c8d294,[],[],[],IC,en,Barendrecht,Netherlands,2023-04-26 14:39:55
Project Manager- Netherlands,"Best, Netherlands - Europe",,Full-Time,,See Ishidas current vacancies,ishidaeurope.com,careers.pageuppeople.com/1055/cwuat/en/job/494794/project-manager-netherlands,[Microsoft],[],[QA],IC,en-gb,,Netherlands,
View Vacancy -  Guest Service and Security Officer (NLD23.156),,Security,Full-Time,,HM Gov,,fco.tal.net/vx/candidate/so/pm/4/pl/1/opp/19557-Guest-Service-and-Security-Officer-NLD23-156,,,[Security],Unclear Seniority,en-gb,The Hague,Netherlands,
Account Executive - French Speaking (Netherlands Remote),"Amsterdam, Netherlands",,Full-Time,TRUE,Turnitin,turnitin.com,jobs.smartrecruiters.com/turnitinllc/743999900602203-account-executive-french-speaking-netherlands-remote,"[Gradescope, Apple, Google Tag Manager, Salesforce]","[eCom, Advertising, Security, Tag Managers, Analytics, Midsize Customers, Applications - Industry, CRM, Event Tracking Platform, Enterprise Customers, Education]","[England-Related, Publishing, Education]",IC,en,Amsterdam,Netherlands,
Marketing Data Analyst,Amsterdam,,,,Adyen,,boards.greenhouse.io/adyeninternaljobs/jobs/4017357,"[Facebook, Adyen, Looker, Microsoft, SQL, Salesforce, Google Analytics 4, Uber, Python]","[Midsize Customers, General Analytics, Visualization, SQL, Big Data Tools, Transportation, Data Science Tools, Stat Tools & Languages, Payment Gateway, CRM, Social Media, Advertising, Applications - Industry, OSS, Programming Languages, Enterprise Customers, Analytics, Payments]",[Marketing],IC,en,Amsterdam,Netherlands,
"Privacy Officer (Netherlands, Dutch language)","Amsterdam, 1011 PL Netherlands",Administration & Back office vacancies,Full-Time,,Coach4expats,,coach4expats.teamtailor.com/jobs/2623306-privacy-officer-netherlands-dutch-language,[GDPR],"[GDPR, Compliance]",[],Unclear Seniority,en-gb,Amsterdam,Netherlands,2023-04-14 7:30:09
Data Analyst (Business Operations),"Poland, Netherlands, Lithuania",,,,kevin.,kevin.eu,boards.greenhouse.io/kevin/jobs/4104097101,"[SQL, Tableau, Apple]","[Data Science Tools, Advertising, Business Intelligence (BI), Analytics, Visualization, SQL, Big Data Tools, Tag Managers]","[Payments, Banking, eCom]",IC,en,Amsterdam,Netherlands,
Customer Data Analyst Nespresso (194789),Netherlands,,,,Nestlé Global,nestle.com,career2.successfactors.eu/career?career_ns=job_listing&company=nestleHRgtpBX&career_job_req_id=194789,"[Adobe, SQL, SPSS]","[SaaS, Advertising, Enterprise Software, Software, Internet, Brand Marketing, CRM, Analytics, Sales & Marketing, Targeting, MarTech, Data Science Tools, Statistical Computing, IT, SQL, Big Data Tools, Marketing]",[Coffee & Tea],IC,en,,Netherlands,
"Accounting Specialist, Europe/Amsterdam, The Netherlands","Netherlands Amsterdam, 3768 MN Netherlands",Accounting,Full-Time,TRUE,GENLED Brands,genledbrands.com,genledbrands.teamtailor.com/jobs/2399362-accounting-specialist-europe-amsterdam-the-netherlands,"[Excel, Microsoft]","[Back Office Tools, FP&A, SMB Customers, Enterprise Customers, No Code, Treasury, Midsize Customers, Spreadsheets, Misc Biz Tools]",[Accounting],Unclear Seniority,en-gb,Amsterdam,Netherlands,2023-04-25 2:35:07
Product Manager for Microservices platform,"Amsterdam, NL",,Full-Time,,Nebius,,nebius.breezy.hr/p/f96d58d857a5-product-manager-for-microservices-platform,"[Redis, GDPR, MongoDB, Kubernetes]","[Scheduling & Orchestration, Database, In Memory Databases, Compliance, Cloud Computing, Databases, Datastores, NoSQL Databases, Software, Analytics, GDPR, SaaS, App Definition and Development, OSS, Orchestration & Management, Infrastructure, PaaS, Data Access & Databases]",[DevOps],IC,en,Amsterdam,Netherlands,
"Sales Development Representative - EMEA, Netherlands","Amsterdam, 1017MD Netherlands",Sales & Marketing,Full-Time,TRUE,Dropsuite,,dropsuite.bamboohr.com/jobs/view.php?id=60,[],[],[B2B],Unclear Seniority,en,Amsterdam,Netherlands,
"Sales Account Executive The Netherlands for Eventix, a leading software ticketing provider","Van Diemenstraat 292 Amsterdam, NH, Netherlands",Sales,Full-Time,FALSE,Eventix Holding,eventix.nl,eventix.recruitee.com/o/sales-account-executive-the-netherlands-for-eventix-a-leading-software-ticketing-provider,[],[],[Software],IC,en,Amsterdam,Netherlands,2021-03-16 17:18:52
Business and Data Analyst,"Bankaplein 2 Den Haag, 2585 EV Netherlands",Gladskin EU,,,Micreos,micreos.com,micreos.bamboohr.com/jobs/view.php?id=59,"[Shopify, Google, Microsoft]","[SaaS, Carts, Add To Cart Widget, Shopping, Software, eCom Platform, IaaS, Enterprise Software, eCom, Discounts, DevTools, CDN, Web Development, Multi-Currency, Cart & Checkout]","[Skincare Products, BioTech]",IC,en,Den Haag,Netherlands,
Product Manager Spare Parts (64981),Group,,,,DSV,dsv.com,career2.successfactors.eu/career?career_ns=job_listing&company=dsvas&career_job_req_id=64981,"[LinkedIn, Facebook]","[Advertising, Tracking, Social Media, CDN, Pixels]","[Warehousing, Logistics & Supply Chain]",IC,en,Eindhoven,Netherlands,
Finance Project Manager - NetZeroCities,"Amsterdam, New Hampshire, Netherlands",Finance,Full-Time,TRUE,Climate-KIC,climate-kic.org,climatekic.recruitee.com/o/finance-project-manager-netzerocities,"[Microsoft, Excel, Miro, Zoom]","[FP&A, Enterprise Software, Back Office Tools, Project Management, Treasury, Product Design, Messaging, SaaS, SMB Customers, UX Design, Collaboration, Apps, Video, No Code, Messaging & Notifications, Midsize Customers, Misc Biz Tools, B2B, Video Conferencing, Enterprise Applications, Enterprise, Design, Product Management, Software, Visual Collaboration, Spreadsheets, Enterprise Customers]",[Financial Services],IC,en,Amsterdam,Netherlands,2022-06-24 15:22:49
Marketing Data Analyst,Amsterdam,,,,Adyen,adyen.com,boards.greenhouse.io/adyen/jobs/4017277,"[Adyen, Facebook, SQL, Microsoft, Python, Google Analytics 4, Salesforce, Hadoop, Looker, Uber]","[Analytics, Social Media, Applications - Industry, Database, Visualization, SQL, Stat Tools & Languages, General Analytics, Advertising, App Definition and Development, Big Data Tools, Payment Gateway, Datastores, Programming Languages, Midsize Customers, OSS, Payments, Data Science Tools, Enterprise Customers, CRM, Databases, Transportation]",[Marketing],IC,en,Amsterdam,Netherlands,
Sales Representative (m/v) - The Netherlands - NL/EN,"All Cities, ZH, Netherlands",Sales,Full-Time,,Salonkee SA,salonkee.lu,salonkee.recruitee.com/o/sales-representative-mv-the-netherlands-nlen,"[Facebook, Google, Indeed, Zoom]","[Messaging & Notifications, Social Media, IaaS, Hiring Data, Data as a Service, Collaboration, Messaging, Career/Job-Hunting Services, Advertising, Video Conferencing]",[],Unclear Seniority,nl,All Cities,Netherlands,
IT Application Security Specialist,"Dynamostraat 50, 1014 BZ Amsterdam, Nederland",,Full-Time,TRUE,Deloitte Netherlands,werkenbijdeloitte.nl,jobs.smartrecruiters.com/deloittenetherlands/743999902363003-it-application-security-specialist,[Deloitte],[KCSP],"[Security, Management Consulting]",Unclear Seniority,nl,Amsterdam,Netherlands,
Product Manager Growth - Remote within EMEA,Amsterdam,Product – Product Platform,Full-Time,TRUE,Printify,printify.com,jobs.lever.co/printify/08eed360-4f2c-4e96-b569-c7caea9f7867,"[Apple, Squarespace]","[Media, Design, SaaS, Website Builder, Tag Managers, Software, Blogging Platforms, Web Design, Content and Publishing, Static Site Hosting, Advertising, Content]","[Custom-Made, eCom, Printing, Apparel & Fashion]",IC,en,Amsterdam,Netherlands,
Sales Development Representative - Netherlands,"Amsterdam, North Holland, Netherlands",,,,Moss,,boards.greenhouse.io/moss/jobs/4026467101,[],[],[],Unclear Seniority,en,Amsterdam,Netherlands,
Technical Project Manager (Cloud Marketplace),"Amsterdam, NL",,Full-Time,,Nebius,,nebius.breezy.hr/p/a7368486b5e7-technical-project-manager-cloud-marketplace,[GDPR],"[Compliance, GDPR]","[B2B, Marketplace]",IC,en,Amsterdam,Netherlands,
Product Manager MSP,"Amsterdam, New Hampshire, 1013 BC Netherlands",Product (CTPO),Full-Time,,Shell Recharge Solutions,newmotion.com,newmotion.recruitee.com/o/product-manager-msp,"[Indeed, Facebook]","[Advertising, Data as a Service, Career/Job-Hunting Services, Social Media, Hiring Data]",[],IC,en,Amsterdam,Netherlands,
Data Analyst,"Amsterdam, Netherlands",Business Development – Customer Success,,,Lever Demo 2,,jobs.lever.co/leverdemo/61943cba-de90-4caf-9e0f-8b55f804618b,[],[],[Support],IC,en,"Amsterdam, Netherlands",Netherlands,
Coffee Specialist Mall of The Netherlands (194184),Netherlands,,,,Nestlé Global,nestle.com,career2.successfactors.eu/career?career_ns=job_listing&company=nestleHRgtpBX&career_job_req_id=194184,[],[],[Coffee & Tea],Unclear Seniority,en,,Netherlands,
Cloud Specialist - Beheerder,"Pompmolenlaan Woerden, Utah, 3447GK Netherlands",,Full-Time,TRUE,The Sourcing Company,thesourcingcompany.nl,thesourcingcompany.recruitee.com/o/cloud-specialist-beheerder,"[Active Directory, Indeed, Azure, Facebook, Office 365]","[Secure Email Gateway, Email, Password Managers, Advertising, Hiring Data, Team Collaboration, Compute, Social Media, Data as a Service, Productivity Tools, Security, Access Management, Career/Job-Hunting Services]",[],Unclear Seniority,nl,Woerden,Netherlands,
Product Manager,"Den Haag, ZH, 2497 GM Netherlands",R&D,Full-Time,,Robin Radar Systems,robinradar.com,robinradar.recruitee.com/o/product-manager,[Facebook],"[Advertising, Social Media]","[Drones, Utilities, Wind Energy, Farming & Agriculture]",IC,en,Den Haag,Netherlands,
Cyber Security Specialist,"Schiphol, NH, Netherlands",,Full-Time,,BB-inIT,bb-init.nl,careers-page.com/bb-init/job/L5YW74V5,[],[],[Security],Unclear Seniority,en,Schiphol,Netherlands,
Product Manager Connectivity & Controls (108898),Netherlands,,,,Vaillant Group,vaillant-group.com,career5.successfactors.eu/career?career_ns=job_listing&company=Vaillant&career_job_req_id=108898,[Microsoft],[],[],IC,en,,Netherlands,
Sales executive – Mobile (Payment) Security,"Delft, ZH, 2628 XJ Netherlands",,Full-Time,,Riscure,riscure.com,riscure.recruitee.com/o/sales-executive-mobile-payment-security,"[Indeed, Facebook]","[Advertising, Career/Job-Hunting Services, Social Media, Hiring Data, Data as a Service]","[Security, Payments]",IC,en,Delft,Netherlands,
Product Manager,"Biezenwei, 4054 Tiel, Nederland",,Full-Time,TRUE,Arjo Nederland,,jobs.smartrecruiters.com/arjonederland/743999880944050-product-manager,[],[],[],IC,nl,Tiel,Netherlands,
Internal Audit Data Analyst,Amsterdam,,Intern,,Adyen,adyen.com,boards.greenhouse.io/adyen/jobs/4900565,"[eBay, SQL, Uber, Python, Adyen, Looker, Facebook, Microsoft]","[Big Data Tools, Programming Languages, Multi-Channel, Visualization, Payments, Transportation, Data Science Tools, Social Media, Shopify App, Stat Tools & Languages, eCom, Payment Gateway, SQL, Advertising, Applications - Industry, OSS, Analytics]","[Payments, Financial Services]",IC,en,Amsterdam,Netherlands,
Microsoft 365 Security Analyst,"Amsterdam, 1011 PL Netherlands",IT & Tech vacancies,Full-Time,,Coach4expats,,coach4expats.teamtailor.com/jobs/2623311-microsoft-365-security-analyst,"[Microsoft, OneDrive, Office 365, Microsoft SharePoint]","[Email, Productivity Tools, CMS, Collaborative Text Editor, Secure Email Gateway, Team Collaboration, Data Storage, OSS]",[Security],IC,en-gb,Amsterdam,Netherlands,2023-04-14 7:30:09
Product Manager,"North Brabant, Breda, Netherlands",Product,Full-Time,,RoomRaccoon,,roomraccoon.freshteam.com/jobs/SRNoBkN4xcne/product-manager,[],[],[],IC,en,North Brabant,Netherlands,
Product Manager Utility - Amsterdam,BeNeLux - Amsterdam,,Full-Time,,Sungrow EMEA,sungrowpower.com,sungrow-emea.jobs.personio.com/job/910525,[Microsoft],[],"[Cleantech, Renewables]",IC,en,Amsterdam,Netherlands,2023-04-25 12:31:58
"Production Lab Technician, 1st Shift - Netherlands","Harfsen, Netherlands",Production,Full-Time,,Genus,,careers-genusplc.icims.com/jobs/6626/production-lab-technician-1st-shift---netherlands/job?in_iframe=1,[],[],[],IC,en-us,,Netherlands,
Security Specialist,"Amsterdam, 1011 PL Netherlands",IT & Tech vacancies,Full-Time,,Coach4expats,,coach4expats.teamtailor.com/jobs/2661707-security-specialist,"[Jenkins, Azure, Python, Ansible, InSpec, Google, Puppet, Rundeck]","[Provisioning, Stat Tools & Languages, OSS, Compute, App Definition and Development, DevOps, Server Config, Testing Frameworks, Programming Languages, IaaS, Automation & Configuration, Continuous Integration & Delivery]",[Security],Unclear Seniority,en-gb,Amsterdam,Netherlands,2023-04-14 7:30:09
"Account Executive (AWS), CEE",Remote Netherlands,,,TRUE,DoiT International,doit-intl.com,boards.greenhouse.io/doitintl/jobs/5535985003,"[AWS, Google Cloud]","[PaaS, IaaS, Compute]",[],IC,en,Amsterdam,Netherlands,
Data Analyst Dutch Speaking - Netherlands,"Dordrecht, South Holland Province, Netherlands",Construction,Full-Time,,Cabo Norte Professionals,cabonorte.eu,jobs.lever.co/cabonorte/4b565298-9256-49ee-88f8-6d997299faa7,[Azure],[Compute],"[Real Estate, Business]",IC,en,Dordrecht,Netherlands,
Financial Crime Compliance Officer (Netherlands),Amsterdam,,Full-Time,,FINOM,finom.co,finom.jobs.personio.com/job/384941,[Cogito],"[Analytics, Speech & NLP]","[Banking, Financial Services, Startups, Compliance]",Unclear Seniority,en,Amsterdam,Netherlands,2023-03-29 15:16:04
Product Manager,"amstelplein 36, mondriaan tower Amsterdam, 1096BC Netherlands",,Full-Time,,Top Employers Institute,,topemployers.bamboohr.com/jobs/view.php?id=155,[Figma],"[Design Tools, Graphic Design, Misc Biz Tools, Collaboration]",[],IC,en,Amsterdam,Netherlands,
View Vacancy -  Guest Service and Security Officer (NLD23.156),,Security,Full-Time,,HM Gov,,fcdo.tal.net/vx/candidate/so/pm/4/pl/1/opp/19557-Guest-Service-and-Security-Officer-NLD23-156,,,[Security],Unclear Seniority,en-gb,The Hague,Netherlands,
"Data Analyst, Reporting",Amsterdam,,,,Adyen Referrals,,boards.greenhouse.io/adyenreferral/jobs/4776185,"[Hugo, Adyen, Airflow, Python, Excel, Hadoop, Greenhouse]","[Recruiting, Spreadsheets, Workflow Management, Stat Tools & Languages, Treasury, Enterprise Software, Enterprise Customers, No Code, Static Site Builder, ATS, Datastores, Payment Gateway, Back Office Tools, B2B, App Definition and Development, Big Data Tools, SMB Customers, SaaS, Programming Languages, Midsize Customers, Databases, Misc Biz Tools, Orchestration & Pipelines, Database, Payments, OSS, Software, FP&A]",[],IC,en,Amsterdam,Netherlands,
Inside Sales and Account Executive {Mechanical Engineering},Amsterdam,Sales and Marketing – Sales,Full-Time,,Hubs,hubs.com,jobs.lever.co/3dhubs/572a31b8-7084-400f-8db5-14d0cf198a42,[Instagram],[Social Media],"[Marketing, Mechanical & Industrial Engineering]",IC,en,Amsterdam,Netherlands,
Product Manager for Cloud Security,"Amsterdam, NL",,Full-Time,,Nebius,,nebius.breezy.hr/p/6340da21c0bf-product-manager-for-cloud-security,[GDPR],"[GDPR, Compliance]","[Security, Cloud Computing]",IC,en,Amsterdam,Netherlands,
Salesforce Data Analyst,"Amsterdam, 1096BC Netherlands",P0320,Full-Time,,Top Employers Institute,,topemployers.bamboohr.com/jobs/view.php?id=149,"[LinkedIn, Salesforce, Excel, ETL]","[Data Science Tools, Misc Biz Tools, Spreadsheets, No Code, Enterprise Customers, CDN, Pixels, Back Office Tools, SMB Customers, ETL, Treasury, Social Media, FP&A, Midsize Customers, CRM, Big Data Tools, Tracking]","[Translation & Localization, Marketing]",IC,en,Amsterdam,Netherlands,
Be proactive & apply! Logistics Coordinator - All Levels opportunities in Netherlands (10461),Schiedam Office,,,,SBM Offshore,sbmoffshore.com,career2.successfactors.eu/career?career_ns=job_listing&company=singlebuoy&career_job_req_id=10461,[Fossil],"[Code Collaboration, DevOps, Version Control]",[Logistics & Supply Chain],IC,en,Schiedam,Netherlands,
Data Analyst (Kramp Hub),"Zwaanstraat 31n, 5651 CA Eindhoven, Netherlands",,Contract,FALSE,WAES,wearewaes.com,jobs.smartrecruiters.com/waes/743999882026104-data-analyst-kramp-hub,,,"[eCom, Logistics & Supply Chain]",IC,en,Eindhoven,Netherlands,
Security Analyst (software focus) - Delft,"Delft, ZH, 2628 XJ Netherlands",,Full-Time,,Riscure,riscure.com,riscure.recruitee.com/o/security-analyst-software-focus-delft,"[Indeed, ARM, Facebook]","[AI Hardware, Social Media, Hiring Data, Infrastructure, Career/Job-Hunting Services, Analytics, Data as a Service, Advertising]","[Security, Software]",IC,en,Delft,Netherlands,
Inside Sales Executive Inspection Services Netherlands (38246),Rotterdam : George Hintzenweg 77 (LR_L000462),,,,LRQA,lrqa.com,career5.successfactors.eu/career?career_ns=job_listing&company=LRQAP&career_job_req_id=38246,[Salesforce],"[CRM, Enterprise Customers, Midsize Customers]",[],IC,en,Rotterdam,Netherlands,
Senior/Site Activation Specialist - Netherlands (Home-based),Multiple Locations: United Kingdom   Belgium   Netherlands,,,,Worldwide Clinical Trials,worldwide.com,worldwide.gr8people.com/jobs/6142/seniorsite-activation-specialist-netherlands-home-based,"[Microsoft, Excel]","[Treasury, Midsize Customers, Back Office Tools, No Code, Enterprise Customers, FP&A, Misc Biz Tools, SMB Customers, Spreadsheets]",[Web Optimization],Unclear Seniority,en,,United Kingdom,
Project Manager (Software),"Rijswijk, The Netherlands",TEAMS ECS – Project Management,Full-Time,,TBA Group,tba.group,jobs.lever.co/tba/7aeaaf0a-99da-40f9-b685-fc9b7934ec52,[ECS],"[Containers, Infrastructure, OSS, Container Orchestration, Orchestration & Management, DevOps, Scheduling & Orchestration]","[Software, Project Management]",IC,en,"Rijswijk, The Netherlands",Netherlands,
Group Product Manager Analytics,Amsterdam,,,,Bynder,bynder.com,boards.greenhouse.io/bynderjobs/jobs/4792018004,"[Spotify, Apple, Puma, Azure, AWS, Snowflake]","[App Definition and Development, Analytics, PaaS, IT, Application Hosting, Software, Tag Managers, AV Player, Datastores, SaaS, Web Servers, Streaming, Compute, Data Warehouses, Database, Infrastructure, Enterprise Software, Cloud Computing, Advertising, Big Data Tools, IaaS]",[General Analytics],IC,en,Amsterdam,Netherlands,
Network & Security Specialist (m/f/d) - Amsterdam (27122),Office position,,,,ESPRIT,esprit.com,career5.successfactors.eu/career?career_ns=job_listing&company=esprit&career_job_req_id=27122,[],[],[Security],Unclear Seniority,en,Amsterdam,Netherlands,
"Group Product Manager, Personalization and Community",Netherlands - Remote,,,TRUE,Workato,workato.com,boards.greenhouse.io/workato/jobs/6594434002,"[Workato, Slack, Box, Deloitte]","[Web Hosting, Collaboration, Real Time, KCSP, Notifications, Chats, MarTech, Software, SaaS, Apps, Sales & Marketing, File Sharing, Data Integration, Back Office Automation & RPA, CMS, Cloud Computing, Enterprise Software, Enterprise, Flash Storage, Messaging, Productivity Tools, IT, Messaging & Notifications, Analytics, SalesTech, ChatOps, Enterprise Customers, Hardware, Data Storage]",[PaaS],IC,en,Amsterdam,Netherlands,
Enterprise Account Executive - Netherlands,Amsterdam,Sales – Sales - EMEA,Full-Time,TRUE,Kong,konghq.com,jobs.lever.co/kong/4d535e15-3665-43f3-a36e-0b25bf8902d1,"[Kong, Cisco, Twitter, Gartner Magic Quadrant]","[Orchestration & Management, Link Shortening, Market Research, Social Media, OSS, API Management, Social Share, Microservices Tools, API Gateway, DevOps]","[Software, APIs, DevOps, Support]",IC,en,Amsterdam,Netherlands,
Product Manager DWDM Networks,,IT Services,Full-Time,,Manning Global,manningglobal.com,manningglobal.zohorecruit.com/recruit/PortalDetail.na?iframe=true&digest=FPrWgYg1@@mqiKoPjRRNJsC@FraTyNHPxJberH9Z6bI-&jobid=227389000059406221&widgetid=227389000006116217&embedsource=CareerSite,[],[],[],IC,en,Rijswijk,Netherlands,
Product Owner / IT project manager,"Neutronstraat 2b Groningen, Groningen, 9743 AM Netherlands",,Full-Time,,YTEC,ytec.nl,ytec.homerun.co/product-owner-it-project-manager,[],[],"[IT, Software]",IC,nl,Groningen,Netherlands,2023-03-05 15:37:48
Inside Sales Representative {Mechanical Engineering},Amsterdam,Sales and Marketing – Sales,Full-Time,,Hubs,hubs.com,jobs.lever.co/3dhubs/8868d1f9-aead-47ba-b42c-ef870363d302,[Instagram],[Social Media],"[Mechanical & Industrial Engineering, Marketing]",Unclear Seniority,en,Amsterdam,Netherlands,
Product Manager International Sales,Amsterdam,"Information Technology – eCommerce, Sales, and Support Technologies",Full-Time,,Lucid Motors,lucidmotors.com,jobs.lever.co/lucidmotors/c7dc7f52-54d3-46d9-acb3-bcb0dce815e2,[SAP],"[Enterprise Resource Planning (ERP), Accounting, SaaS, Travel, Cloud Management, FP&A, Tourism, Big Data, Servers & Compute, Payments, Financial Services, Enterprise Customers, Software, Travel and Tourism, IT, IaaS]",[eCom],IC,en,Amsterdam,Netherlands,
Material Master Data Analyst,Amsterdam,Retail – Service Programs,Full-Time,,Lucid Motors,lucidmotors.com,jobs.lever.co/lucidmotors/e1fbfd6e-f00e-4c19-812c-658dae50b4e2,"[Microsoft, Excel, SAP]","[Spreadsheets, Software, Cloud Management, Treasury, SMB Customers, Midsize Customers, No Code, Payments, Enterprise Customers, IaaS, Enterprise Resource Planning (ERP), IT, Servers & Compute, Tourism, Accounting, Travel, Travel and Tourism, Financial Services, Misc Biz Tools, SaaS, FP&A, Big Data, Back Office Tools]",[Retail],IC,en,Amsterdam,Netherlands,
Financial Data Analyst,Amsterdam,,,,Adyen,adyen.com,boards.greenhouse.io/adyen/jobs/4914489,"[Facebook, Microsoft, SQL, Python, Uber, Adyen]","[Transportation, Social Media, SQL, Stat Tools & Languages, Advertising, Payment Gateway, Payments, Data Science Tools, OSS, Programming Languages, Applications - Industry, Big Data Tools]",[Financial Services],IC,en,Amsterdam,Netherlands,
Global Product Manager - UCR Treatment (27527),DV Wavin EMEA (DV_WVN_02),,,,Orbia,orbia.com,career5.successfactors.eu/career?career_ns=job_listing&company=mexichemP&career_job_req_id=27527,[],[],[],IC,en,,Netherlands,
Associate international social security and labor law compliance,"Thomas R. Malthusstraat 5, Amsterdam, Netherlands",Employment Tax (External client facing),Full-Time,TRUE,Vialto Partners,vialtopartners.com,jobs.smartrecruiters.com/vialtopartners/743999870546596-associate-international-social-security-and-labor-law-compliance,[],[],[Security],IC,en-gb,Amsterdam,Netherlands,
Product Manager Bowel Management (53659),Netherlands,,,,Coloplast,coloplast.com,career5.successfactors.eu/career?career_ns=job_listing&company=Coloplast&career_job_req_id=53659,"[LinkedIn, Facebook]","[Pixels, Social Media, Advertising, CDN, Tracking]","[Business, News]",IC,en,,Netherlands,
Business Analyst/Tuning & Back-testing/FEC Tech Transaction Monitoring Detection – W&R(Netherlands),"Amsterdam, 1011 PL Netherlands",IT & Tech vacancies,Full-Time,,Coach4expats,,coach4expats.teamtailor.com/jobs/2542841-business-analyst-tuning-back-testing-fec-tech-transaction-monitoring-detection-w-r-netherlands,"[PySpark, Python]","[OSS, Stat Tools & Languages, Data Science Tools, Programming Languages, Libraries]",[],IC,en-gb,Amsterdam,Netherlands,2023-04-18 8:40:06
Product Data Analyst - Customer Interfaces,Amsterdam,,,,Adyen,adyen.com,boards.greenhouse.io/adyen/jobs/3728126,"[Looker, Python, Countly, Hotjar, Adyen, Facebook, Amplitude, SQL, Microsoft, Uber]","[Customer Success, Advertising, Heatmapping, Programming Languages, General Analytics, Enterprise Customers, Data Science Tools, SQL, Social Media, Customer Analytics, Payment Gateway, SaaS, Payments, Visualization, Product Management, Applications - Industry, Analytics, Software, Stat Tools & Languages, Funnel Analytics, Transportation, Mobile Analytics, OSS, Big Data Tools]","[Payments, Financial Services]",IC,en,Amsterdam,Netherlands,
Data Analyst,"Amsterdam, Netherlands",Business Development – Customer Success,,,Lever Demo 2,,jobs.lever.co/leverdemo/e6259b78-eba1-4b38-846d-8ac254a43bf1,[Jira],"[Project Management, Issue Tracking]",[Support],IC,en,Amsterdam,Netherlands,
"Channel Sales Development Representative (Fluent in French) (Position located in Utrecht, Netherlands)","Utrecht, Netherlands",,,,KnowBe4,knowbe4.com,boards.greenhouse.io/knowbe4/jobs/6675765002,"[Google, KnowBe4, LinkedIn, Gmail, Salesforce]","[Tracking, Pixels, Social Media, IaaS, Enterprise Customers, Email Service Provider (ESP), Security, CRM, Back Office Tools, Midsize Customers, CDN, Misc Biz Tools]","[IT, Security, Cybersecurity]",Unclear Seniority,en,Utrecht,Netherlands,
Be proactive & apply! Application Support Specialist - Aveva.Net opportunities in Netherlands (10499),Schiedam Office,,,,SBM Offshore,sbmoffshore.com,career2.successfactors.eu/career?career_ns=job_listing&company=singlebuoy&career_job_req_id=10499,"[Fossil, XML, SQL, AVEVA]","[DevOps, Programming Languages, Data Science Tools, Version Control, OSS, Big Data Tools, Code Collaboration, Applications - Industry, SQL, Industrial]","[Outsourcing & Offshoring, Low-Cost]",Unclear Seniority,en,Schiedam,Netherlands,
"Inside Sales Representative - Netherlands (Amsterdam), Maternity leave replacement","Amsterdam, Netherlands",,Unclear,,Red Hat,,global-redhat.icims.com/jobs/99132/inside-sales-representative---netherlands-amsterdam-maternity-leave-replacement/job?in_iframe=1,"[Red Hat, Workday]","[OSS, Payroll Management, Enterprise Customers, Misc Biz Tools, Back Office Tools, Accounting, Human Resources, Enterprise Resource Planning (ERP), Enterprise Software]","[Family & Parenting, Maternity & Baby]",Unclear Seniority,en-us,Amsterdam,Netherlands,
Traineeship: Business & Data Analyst (EN),"Utrecht, Utah, Netherlands",,Full-Time,TRUE,Fresh Forces,freshforces.com,freshforces.recruitee.com/o/traineeship-business-data-analyst-en,[LinkedIn],"[Pixels, Social Media, Tracking, CDN]",[],IC,en,Utrecht,Netherlands,2022-06-16 14:50:35
"Sales Development Representative, Cloud - Benelux",NL-Netherlands,Sales,,,,,radware.taleo.net/careersection/ex/jobdetail.ftl?job=2300002W,[Oracle],"[Datastores, Enterprise Customers, Marketing, NoSQL Databases, IaaS, Infrastructure, Databases, Accounting]",[],Unclear Seniority,en,,Netherlands,
Stage / Junior Product Manager,,,Intern,,Next Empire,nextempire.net,nextempire.homerun.co/junior-product-manager,[],[],[],IC,nl,Amsterdam,Netherlands,2022-10-28 14:48:10
Data Analyst,Amsterdam,Product and Engineering – Analytics,Full-Time,,Hubs,hubs.com,jobs.lever.co/3dhubs/cf3b26f5-1fa2-4ede-8926-49ed3e3faf7b,"[Airflow, EC2, Tableau, S3, RDS, Docker, Instagram, Segment, SQL, Mixpanel, Looker, AWS]","[Workflow Management, General Analytics, Software, Data Integration, Frameworks, Funnel Analytics, Orchestration & Pipelines, Customer Data Platform (CDP), OSS, Mobile, Event Tracking Platform, Social Media, Enterprise Software, Container Management, Analytics, Application Hosting, Web Browsers, IaaS, Storage, Compute, Container Orchestration, Visualization, SQL, Business Intelligence (BI), Datastores, CDN, Big Data Tools, Data Science Tools, Cloud Computing, PaaS, Infrastructure, DevOps, SaaS, DBaaS]",[General Analytics],IC,en,Amsterdam,Netherlands,
Group Product Manager - Platform as a Product,Amsterdam,,,,Adyen Referrals,,boards.greenhouse.io/adyenreferral/jobs/4839088,[Adyen],"[Payments, Payment Gateway]",[],IC,en,Amsterdam,Netherlands,
Data Analyst,"Amsterdam, New Hampshire, 1017SB Netherlands",,Full-Time,FALSE,Creative Clicks,,creativeclicks.recruitee.com/o/data-analyst-3,"[Python, Microsoft Azure, SQL, Tableau, Power BI]","[Programming Languages, Visualization, OSS, SQL, Computer Vision, Analytics, Business Intelligence (BI), Big Data Tools, Data Science Tools, Stat Tools & Languages]",[],IC,en,Amsterdam,Netherlands,2022-04-11 8:50:26
Remote Dutch Speaking M365 Administrator- Netherlands,"Amsterdam, Netherlands",,Unclear,TRUE,Upwork,,enterprise-upwork.icims.com/jobs/13368/remote-dutch-speaking-m365-administrator--netherlands/job?in_iframe=1,"[Azure, PowerShell, Upwork, Windows, Skype for Business, OneDrive, Microsoft SharePoint]","[Infrastructure, OSS, Web Presentation Tools, Data Generation & Labelling, Collaborative Text Editor, Compute, Data Storage, CMS, Video Conferencing, OS, Terminals]",[Crowdsourcing],Unclear Seniority,en-us,Amsterdam,Netherlands,
Clinical Research Associate Netherland,"Zevenbergen, NB, Netherlands",Clinical Affairs,Full-Time,TRUE,Alira Health,alirahealth.com,alirahealth.recruitee.com/o/clinical-research-associate-netherland,"[Indeed, Excel, Facebook]","[FP&A, Spreadsheets, SMB Customers, Advertising, Social Media, No Code, Treasury, Hiring Data, Midsize Customers, Data as a Service, Career/Job-Hunting Services, Back Office Tools, Enterprise Customers, Misc Biz Tools]",[Healthcare],IC,en,Zevenbergen,Netherlands,
Data Analyst/Business Analyst,"TT Vasumweg 122 C Amsterdam, 1033 SH Netherlands",Prime Retail & Trade Solutions,Full-Time,,Prime,,goprime.bamboohr.com/jobs/view.php?id=36,"[Excel, Tableau, Python]","[Spreadsheets, Treasury, Back Office Tools, Enterprise Customers, Business Intelligence (BI), Stat Tools & Languages, Analytics, Programming Languages, SMB Customers, OSS, Misc Biz Tools, FP&A, No Code, Midsize Customers, Visualization]",[General Analytics],IC,en,Amsterdam,Netherlands,
IT Support Technician/Desktop Support Engineer,"Utrecht, UT, Netherlands",,Full-Time,,We Savvy,wesavvy.io,careers-page.com/wesavvy/job/QY3R546V,[],[],[],IC,en,Utrecht,Netherlands,
Magento 2 backend developer,"Groningen, GR, 9725AK Netherlands",Development,Full-Time,FALSE,elgentos,elgentos.nl,elgentos.recruitee.com/o/magento-2-backend-developer,"[Cypress, Ubuntu, PHPStan, Laravel, PHP CodeSniffer, Kubernetes, MySQL, Magento, Elasticsearch, Docker, Algolia, PHPUnit, HTML5]","[OSS, eCom, Logging & Monitoring, Databases, Orchestration & Management, JavaScript Testing Frameworks, Programming Languages, Cart & Checkout, Code Review, Cloud Computing, Container Management, OS, Enterprise Software, Datastores, Software, Testing Frameworks, Scheduling & Orchestration, SaaS, Frameworks, Search as a Service, Carts, Full Stack Framework, Container Orchestration, Templating Languages, DevOps]",[Software],Unclear Seniority,nl,Groningen,Netherlands,2021-03-16 17:47:33
Product Manager,"Weteringschans Amsterdam, New Hampshire, 1017 XS Netherlands",Product,Full-Time,FALSE,Datasnipper,,datasnipper.recruitee.com/o/product-manager,[],[],[],IC,en,Amsterdam,Netherlands,2022-05-19 14:09:05
"Group Product Manager, Bank Payments Methods",Amsterdam,,,,Adyen Referrals,,boards.greenhouse.io/adyenreferral/jobs/4471342,"[Adyen, Greenhouse]","[Payment Gateway, SaaS, B2B, Payments, ATS, Recruiting, Software, Enterprise Software]",[Payments],IC,en,Amsterdam,Netherlands,
Vacancies Data Analyst (28926),"Sassenheim, Rijksstraatweg31",,,,AkzoNobel Corporate,akzonobel.com,career5.successfactors.eu/career?career_ns=job_listing&company=akzonobelsP2&career_job_req_id=28926,"[SQL, Excel, Azure]","[FP&A, Treasury, Misc Biz Tools, Data Science Tools, SMB Customers, Enterprise Customers, SQL, Spreadsheets, Midsize Customers, Back Office Tools, Big Data Tools, No Code, Compute]",[Business],IC,en,Sassenheim,Netherlands,
Technician Engineering - Test & Instrumentation (11777),Netherlands,,,,GKN,gknaerospace.com,career2.successfactors.eu/career?career_ns=job_listing&company=gknaerospa&career_job_req_id=11777,[],[],[Airlines & Aerospace],IC,en,Helmond,Netherlands,
Product Manager,"Amsterdam, NH, 1097 DL Netherlands",Product Team,Full-Time,FALSE,Fastned,fastnedcharging.com,fastned.recruitee.com/o/product-manager,"[iOS, SQL]","[OS, Data Science Tools, Big Data Tools, SQL]",[],IC,en,Amsterdam,Netherlands,2021-11-30 17:21:16
Product Manager,Utrecht,,Full-Time,,Sensorfact,sensorfact.eu,sensorfact.jobs.personio.com/job/677478,[],[],[],IC,en,Utrecht,Netherlands,2023-03-29 15:37:59
Product Manager,,,Full-Time,,Coosto,coosto.com,jobscoosto.homerun.co/product-manager,"[Instagram, LinkedIn, WhatsApp, Facebook]","[Advertising, Pixels, Social Media, VoIP, Tracking, Communications, Messaging, CDN]","[Social Media Marketing, Marketing]",IC,nl,Eindhoven,Netherlands,2023-03-28 12:41:29
Linux System Administrators and Kubernetes Specialists,"Amsterdam, NH, 1011AB Netherlands",Operations,Full-Time,,Copernica,copernica.com,copernica.recruitee.com/o/linuxsysteembeheerders-en-kubernetesspecialisten,"[Facebook, Elasticsearch, Grafana, Ceph, Linux, RabbitMQ, Git, Indeed, PostgreSQL, Logstash, Subversion, PHP, Kubernetes, C++, JavaScript, MapReduce, MongoDB, Ansible, Docker, LXC, Rook, LXD, Kibana, MySQL, Postfix, PowerDNS]","[Cloud Computing, SaaS, Log Analytics, OSS, OS, NoSQL Databases, Frameworks, Transactional Email Tools, App Definition and Development, Hiring Data, Runtime, Container Management, Email Service Provider (ESP), Orchestration & Management, Scheduling & Orchestration, PaaS, Data as a Service, Social Media, Career/Job-Hunting Services, DevOps, Logging & Monitoring, Container Orchestration, Timeseries Database, Observability, Version Control, Containers, Databases, Streaming & Messaging, Server Config, DNS Tools, Software, Infrastructure, Cloud Native Storage, Database, Enterprise Software, Monitoring, Communications, Advertising, Programming Languages, Analytics, Search as a Service, Datastores, Data Access & Databases]","[Marketing, MarTech, Email Marketing, Custom-Made, Data Storage, Software]",Unclear Seniority,en,Amsterdam,Netherlands,
Data Analyst (Web) - internship,"Amsterdam, New Hampshire, 1023 BX Netherlands",Data,Intern,,Wakuli,wakuli.com,wakuli.recruitee.com/o/data-analyst-web-internship,"[Python, JavaScript, Segment, Facebook, Google Tag Manager, Tealium, Indeed]","[Hiring Data, Customer Data Platform (CDP), MarTech, Marketing - B2C, Advertising, Data Integration, Event Tracking Platform, Analytics, eCom, OSS, Enterprise Customers, Tag Managers, Data as a Service, Stat Tools & Languages, Career/Job-Hunting Services, Security, Infrastructure, Social Media, Programming Languages]","[IT, Coffee & Tea]",IC,en,Amsterdam,Netherlands,
"Group Product Manager, Platform as a Product",Amsterdam,,,,Adyen,adyen.com,boards.greenhouse.io/adyen/jobs/4962160,"[Uber, Adyen, Microsoft, Facebook, eBay]","[Transportation, Multi-Channel, Social Media, eCom, Applications - Industry, Advertising, Payment Gateway, Payments, Shopify App]","[Payments, Financial Services]",IC,en,Amsterdam,Netherlands,
SAP Project Manager - Netherlands,,Solution Delivery,Full-Time,,Vistex,vistex.com,recruiting2.ultipro.com/vis1012visx/jobboard/23e64b4e-ff01-4579-9e5a-835480ac7a51/opportunitydetail?opportunityid=3d07f4bd-1f25-469e-a967-83182e92e72f,[SAP],"[IT, Enterprise Customers, Accounting, Enterprise Resource Planning (ERP), Payments, Big Data, Travel and Tourism, Cloud Management, Financial Services, IaaS, FP&A, Servers & Compute, Travel, SaaS, Tourism, Software]",[],IC,en,Netherlands,Netherlands,2023-04-25 6:08:32
Data Analyst Nov 2020,"Amsterdam, Netherlands",Business Development – Customer Success,,,Lever Demo 2,,jobs.lever.co/leverdemo/abad2311-d162-488f-b197-702ac3eb8ea7,[],[],[Support],IC,en,Amsterdam,Netherlands,
IT Security Analyst,"Amsterdam, New Hampshire, Netherlands",IT,Full-Time,TRUE,flatexDEGIRO Bank Dutch Branch,flatexdegiro.com,flatexdegiro.recruitee.com/o/it-security-analyst,[Instagram],[Social Media],[Security],IC,en,Amsterdam,Netherlands,2022-01-14 13:28:37
Marketing Data Analyst,Amsterdam,,,,Adyen Referrals,adyen.com,boards.greenhouse.io/adyenreferral/jobs/4942072,"[Looker, SQL, Uber, Hadoop, Salesforce, Google Analytics 4, Python, Microsoft, Adyen, Facebook]","[Payments, Payment Gateway, CRM, Advertising, Midsize Customers, Databases, Visualization, Data Science Tools, Database, Stat Tools & Languages, OSS, Enterprise Customers, General Analytics, Big Data Tools, SQL, Social Media, App Definition and Development, Programming Languages, Analytics, Datastores, Transportation, Applications - Industry]",[Marketing],IC,en,Amsterdam,Netherlands,
Sales Development Representative Netherlands,"'s Hertogenbosch, Netherlands",,,,,,recruitingbypaycor.com/career/JobIntroduction.action?clientId=4028f88c2dd7125a012de3b964b850c3&id=8a7883a8775924980177632204062285,[],[],[],Unclear Seniority,en,,Netherlands,
Sales Executive - Netherlands,"Utrecht, NL",Sales,Full-Time,TRUE,Volta Trucks,voltatrucks.com,volta-trucks.breezy.hr/p/5b0932a3c9e701-sales-executive-netherlands,[],[],"[England-Related, Manufacturing]",IC,en,Utrecht,Netherlands,
Product Manager,Europe,,,,Equal Experts,equalexperts.com,boards.greenhouse.io/equalexperts/jobs/4210279002,[],[],"[Software, Consulting]",IC,en,Amsterdam,Netherlands,
"Account Executive (AWS), NEMEA",Remote Netherlands,,,TRUE,DoiT International,doit-intl.com,boards.greenhouse.io/doitintl/jobs/5495164003,"[Google, AWS]","[Compute, PaaS, IaaS]",[],IC,en,Amsterdam,Netherlands,
HGV Field Technician Lead - Netherlands,"Amsterdam, NL",TaaS,Full-Time,TRUE,Volta Trucks,voltatrucks.com,volta-trucks.breezy.hr/p/39989727b5e601-hgv-field-technician-lead-netherlands,[Microsoft],[],[Manufacturing],IC,en,Amsterdam,Netherlands,
(Senior) Logistics Specialist (f/m/d) - Netherlands,"Rotterdam, ZH, Netherlands",,,,Forto,forto.com,boards.greenhouse.io/fortogmbh/jobs/4006387101,,,[Logistics & Supply Chain],Unclear Seniority,en,Rotterdam,Netherlands,
Entertainment Technicians (Netherlands) with Disney Cruise Line,Netherlands,Disney Cruise Line,Full-Time,,excellent recruitment,excellentrecruitment.biz,excellent-recruitment.breezy.hr/p/e8b2d744924101-entertainment-technicians-netherlands,[],[],[Recruiting & Staffing],IC,en,,Netherlands,
Product Manager - Online Payments Platform (NL),NL - Amsterdam,Product – Payments Platform,Full-Time,,Airwallex,airwallex.com,jobs.lever.co/airwallex/6a4122de-727e-488c-a047-682b41a99840,[],[],[Payments],IC,en,NL - Amsterdam,Netherlands,
Associate Maintenance Engineer,Europe/Middle East/Africa - Netherlands - South Holland - Leiden,Facilities (Eng),,,Janssen Biologics,jnj.com,jnjc.taleo.net/careersection/2/jobdetail.ftl?job=2306112822W,[Credo],"[AI Hardware, DevOps, OSS, Infrastructure, Code Review]",[Pharmaceuticals],IC,en,South Holland,Netherlands,
Specialist Systems Engineering (12664),Netherlands,,,,Koninklijke BAM Groep / Royal BAM Group,bam.com,career5.successfactors.eu/career?career_ns=job_listing&company=koninkli01&career_job_req_id=12664,[],[],[Civil Engineering],Unclear Seniority,en,,Netherlands,
Inside Sales and Account Executive {Mechanical Engineer},Amsterdam,Sales and Marketing – Sales,Full-Time,,Hubs,hubs.com,jobs.lever.co/3dhubs/cfe0b62a-526b-43b2-b759-06c8510be2d8,[Instagram],[Social Media],"[Marketing, Mechanical & Industrial Engineering]",IC,en,Amsterdam,Netherlands,
Internal Audit Data Analyst (New),Amsterdam,,Intern,,Adyen Referrals,,boards.greenhouse.io/adyenreferral/jobs/4900590,"[Greenhouse, Adyen]","[Payment Gateway, SaaS, Enterprise Software, ATS, B2B, Recruiting, Payments, Software]",[],IC,en,Amsterdam,Netherlands,
Product Data Analyst - Customer Interfaces,Amsterdam,,,,Adyen,adyen.com,boards.greenhouse.io/adyeninternaljobs/jobs/3728180,"[Adyen, SQL, PySpark, Airflow, Greenhouse, Hadoop, Python]","[Workflow Management, OSS, Orchestration & Pipelines, SQL, Database, Datastores, App Definition and Development, Programming Languages, Software, ATS, Recruiting, Data Science Tools, Databases, Big Data Tools, SaaS, Payment Gateway, B2B, Stat Tools & Languages, Payments, Libraries, Enterprise Software]","[Payments, Financial Services]",IC,en,Amsterdam,Netherlands,
"Production Lab Technician, 3rd Shift - Netherlands","Harfsen, Netherlands",Production,Full-Time,,Genus,,careers-genusplc.icims.com/jobs/6784/production-lab-technician-3rd-shift---netherlands/job?in_iframe=1,[],[],[],IC,en-us,,Netherlands,
Account Executive - Netherlands,"Amsterdam, North Holland, Netherlands",,,,Armis Security,armis.com,boards.greenhouse.io/armissecurity/jobs/4857154004,[],[],[Security],IC,en,Amsterdam,Netherlands,
Security Specialist,"Hogeweyselaan 145 Amsterdam, New Hampshire, 1382JK Netherlands",Corporate IT,Full-Time,FALSE,Solarclarity,solarclarity.com,solarclarity.recruitee.com/o/security-specialist,[Indeed],"[Data as a Service, Career/Job-Hunting Services, Hiring Data]",[Security],Unclear Seniority,nl,Amsterdam,Netherlands,2022-09-01 7:57:01
"Group Product Manager, Data Platform",Amsterdam,,,,Adyen,adyen.com,boards.greenhouse.io/adyen/jobs/4407783,"[Facebook, Adyen, eBay, Microsoft, Uber]","[Shopify App, Transportation, Payment Gateway, Advertising, Multi-Channel, Payments, eCom, Applications - Industry, Social Media]","[Payments, Financial Services]",IC,en,Amsterdam,Netherlands,
Product Manager for Partnerships and Integrations,Remote,,,TRUE,Neon,neon.tech,boards.greenhouse.io/neondatabase/jobs/4663209004,[PostgreSQL],"[Datastores, OSS, App Definition and Development, Database, Databases, Timeseries Database]",[Software],IC,en,Amsterdam,Netherlands,
Specialist Engineer Elektrotechniek (10233),Netherlands,,,,Koninklijke BAM Groep / Royal BAM Group,bam.com,career5.successfactors.eu/career?career_ns=job_listing&company=koninkli01&career_job_req_id=10233,[Microsoft],[],[Civil Engineering],Unclear Seniority,en,,Netherlands,
Traineeship: Business & Data Analyst (NL),"Utrecht, Utah, Netherlands",,Full-Time,TRUE,Fresh Forces,freshforces.com,freshforces.recruitee.com/o/traineeship-business-data-analyst-nl,[LinkedIn],"[Tracking, Pixels, Social Media, CDN]",[],IC,en,Utrecht,Netherlands,2022-06-16 14:50:35
Security & Compliance Analyst,"Shell Recharge Solutions, Rigakade 20 Amsterdam, New Hampshire, 1013 BC Netherlands",TEQ'D (CTPO),Full-Time,,Shell Recharge Solutions,newmotion.com,newmotion.recruitee.com/o/security-compliance-analyst,"[Indeed, Facebook, GDPR]","[Career/Job-Hunting Services, Hiring Data, Advertising, Data as a Service, Social Media, Compliance, GDPR]","[Compliance, Security]",IC,en,Amsterdam,Netherlands,
Engineering Project Manager -  Schiedam (S) (11360),Schiedam Office,,Contract,,SBM Offshore,sbmoffshore.com,career2.successfactors.eu/career?career_ns=job_listing&company=singlebuoy&career_job_req_id=11360,[Fossil],"[Version Control, Code Collaboration, DevOps]","[Outsourcing & Offshoring, Low-Cost]",IC,en,Schiedam,Netherlands,
Product Manager (f/m/d) Foul Water - Benelux (28258),DV Wavin EMEA (DV_WVN_02),,,,Orbia,orbia.com,career5.successfactors.eu/career?career_ns=job_listing&company=mexichemP&career_job_req_id=28258,[],[],[],IC,en,,Netherlands,
"Account Representative, Solar/PV - Netherlands",Netherlands,Sales,Full-Time,,Enphase Energy,,jobs.jobvite.com/enphase-energy/job/oTvHkfw9,[],[],[],Unclear Seniority,en-us,,Netherlands,
"Group Product Manager, Continuous Compliance",Amsterdam,,,,Adyen,adyen.com,boards.greenhouse.io/adyen/jobs/4639596,"[Uber, Facebook, Adyen, eBay, Microsoft]","[Payments, Transportation, Applications - Industry, Payment Gateway, Multi-Channel, Shopify App, Social Media, eCom, Advertising]",[Compliance],IC,en,Amsterdam,Netherlands,
UX Data Analyst,Amsterdam,,,,Adyen,adyen.com,boards.greenhouse.io/adyeninternaljobs/jobs/3958204,"[Mixpanel, SQL, Python, Adyen, Uber, Google Analytics, Facebook, Countly, Microsoft]","[General Analytics, Data Science Tools, Advertising, Stat Tools & Languages, Applications - Industry, Mobile Analytics, Web Browsers, Software, Analytics, SaaS, Social Media, SQL, Funnel Analytics, Payment Gateway, Payments, Transportation, Programming Languages, Mobile, OSS, Big Data Tools]","[Payments, Financial Services]",IC,en,Amsterdam,Netherlands,
"Group Product Manager, Banking payments methods",Amsterdam,,,,Adyen,adyen.com,boards.greenhouse.io/adyen/jobs/4471280,"[Microsoft, Uber, eBay, Facebook, Adyen]","[Advertising, Applications - Industry, Shopify App, Payments, Social Media, Payment Gateway, Transportation, Multi-Channel, eCom]","[Banking, Payments]",IC,en,Amsterdam,Netherlands,
"OSINT Data Analyst, TOS7","The Hague, The Netherlands Netherlands","The Hague, the Netherlands",Full-Time,,ICMP,,icmp.bamboohr.com/jobs/view.php?id=148,"[Microsoft, Excel, ETL, SQL]","[Midsize Customers, SMB Customers, Data Science Tools, FP&A, Treasury, Back Office Tools, ETL, Enterprise Customers, SQL, Spreadsheets, Big Data Tools, No Code, Misc Biz Tools]",[],IC,en,The Hague,Netherlands,
Biosafety Coordinator,"Schaijk, NB, Netherlands",Facilities,Full-Time,FALSE,Viroclinics-DDL,,viroclinicsddl.recruitee.com/o/biosafety-coordinator,"[Google, Indeed]","[Data as a Service, Hiring Data, Career/Job-Hunting Services, IaaS]",[],IC,en,Schaijk,Netherlands,2021-11-15 16:17:30
"Product Manager, Planetary Variables - Land Surface Temperature","Netherlands, Remote",,Part-Time,TRUE,Planet,planet.com,boards.greenhouse.io/planetlabs/jobs/4885913,[GDPR],"[Compliance, GDPR]",[],IC,en,Amsterdam,Netherlands,
Financial Data Analyst (New),Amsterdam,,,,Adyen Referrals,,boards.greenhouse.io/adyenreferral/jobs/4917329,"[Power BI, Looker, Adyen, Tableau, SQL, Python, Greenhouse]","[Big Data Tools, Visualization, Software, Data Science Tools, SQL, OSS, Stat Tools & Languages, Analytics, Recruiting, Payment Gateway, Business Intelligence (BI), Programming Languages, ATS, Payments, Enterprise Software, SaaS, B2B]",[Financial Services],IC,en,Amsterdam,Netherlands,
"Group Product Manager, Compliance (New)",Amsterdam,,,,Adyen Referrals,,boards.greenhouse.io/adyenreferral/jobs/4639621,[Greenhouse],"[Software, Enterprise Software, Recruiting, B2B, SaaS, ATS]",[Compliance],IC,en,Amsterdam,Netherlands,